Topic,Readability
Cryptography,Difficult
Network Security,Difficult
Cybersecurity,Difficult
Firewall,Difficult
Phishing,Difficult
Computer Virus,Difficult
Encryption,Difficult
Secure Coding,Difficult
Computer Security,Difficult
Authentication,Difficult
Authorization,Difficult
Identity Theft,Difficult
Digital Signature,Difficult
Cybercrime,Difficult
Penetration Testing,Difficult
Incident Management,Difficult
Information Security Management,Difficult
Biometrics,Difficult
Information Privacy,Difficult
Web Application Security,Difficult
Data Security,Difficult
Social Engineering,Difficult
Malware Analysis,Difficult
Intrusion Detection System,Difficult
Privacy,Difficult
